code,name,brand,model,category,main_category,price,cost,image,description,active,sort_order,featured
RO10916,مسكر زاوية  ''1/2 * ''1/2 كروم,بن أمور,B.AMOR020,حنفية,ملحقات,30.0,20.0,RO10916.jpg,,yes,1,yes
VP20483,حوض وجه فوق الرخام أبيض -40*30 سم,ب.أمور,SH-8218A,حوض فوق الرخام,حوض وجه,200.0,103.0,VP20483.jpg,,yes,2,yes
VP20216,حوض وجه فوق الرخام ذهبي -48سم,ب.أمور,G340,حوض فوق الرخام,حوض وجه,300.0,154.0,VP20216.jpg,,yes,3,yes
VP20484,حوض وجه فوق الرخام أبيض 41.5 سم,ب.أمور,SH-8221,حوض فوق الرخام,حوض وجه,200.0,103.0,VP20484.jpg,,yes,4,yes
VP20215,حوض وجه فوق الرخام أبيض -50سم,ب.أمور,8278,حوض فوق الرخام,حوض وجه,225.0,130.0,VP20215.jpg,,yes,5,yes
EG30857,حوض مطبخ جرانيت بيج 80*45 زوجي,ب.أمور,Vienna,حوض مطبخ جرانيت,حوض مطبخ,820.0,545.0,EG30857.jpg,,yes,6,yes
EG30858,حوض مطبخ جرانيت أسود 80*45 زوجي,ب.أمور,Vienna,حوض مطبخ جرانيت,حوض مطبخ,820.0,545.0,EG30858.jpg,,yes,7,yes
EG30859,حوض مطبخ جرانيت رصاصي 80*45 زوجي,ب.أمور,Vienna,حوض مطبخ جرانيت,حوض مطبخ,820.0,545.0,EG30859.jpg,,yes,8,yes
EG30863,حوض مطبخ جرانيت أبيض مطفي79*51 فردي,ب.أمور,Jammel,حوض مطبخ جرانيت,حوض مطبخ,750.0,475.0,EG30863.jpg,,yes,9,no
EG30864,حوض مطبخ جرانيت بيج79*51 فردي,ب.أمور,Jammel,حوض مطبخ جرانيت,حوض مطبخ,750.0,475.0,EG30864.jpg,,yes,10,no
EG30865,حوض مطبخ جرانيت أسود مطفي79*51 فردي,ب.أمور,Jammel,حوض مطبخ جرانيت,حوض مطبخ,750.0,475.0,EG30865.jpg,,yes,11,no
EG30866,حوض مطبخ جرانيت رصاصي79*51 فردي,ب.أمور,Jammel,حوض مطبخ جرانيت,حوض مطبخ,750.0,475.0,EG30866.jpg,,yes,12,no
EG30867,حوض مطبخ جرانيت أبيض مطفي60*45 فردي,ب.أمور,Cedria,حوض مطبخ جرانيت,حوض مطبخ,640.0,425.0,EG30867.jpg,,yes,13,no
EG30868,حوض مطبخ جرانيت بيج60*45 فردي,ب.أمور,Cedria,حوض مطبخ جرانيت,حوض مطبخ,640.0,425.0,EG30868.jpg,,yes,14,no
EG30869,حوض مطبخ جرانيت أسود مطفي60*45 فردي,ب.أمور,Cedria,حوض مطبخ جرانيت,حوض مطبخ,640.0,425.0,EG30869.jpg,,yes,15,no
EG30870,حوض مطبخ جرانيت رصاصي60*45 فردي,ب.أمور,Cedria,حوض مطبخ جرانيت,حوض مطبخ,640.0,425.0,EG30870.jpg,,yes,16,no
EG30871,حوض مطبخ جرانيت رصاصي72*47 فردي,ب.أمور,Nice,حوض مطبخ جرانيت,حوض مطبخ,720.0,480.0,EG30871.jpg,,yes,17,no
EG30872,حوض مطبخ جرانيت أسود مطفي72*47 فردي,ب.أمور,Nice,حوض مطبخ جرانيت,حوض مطبخ,720.0,480.0,EG30872.jpg,,yes,18,no
EG30873,حوض مطبخ جرانيت بيج72*47 فردي,ب.أمور,Nice,حوض مطبخ جرانيت,حوض مطبخ,720.0,480.0,EG30873.jpg,,yes,19,no
EG30874,حوض مطبخ جرانيت أبيض ناصع 72*47 فردي,ب.أمور,Nice,حوض مطبخ جرانيت,حوض مطبخ,720.0,480.0,EG30874.jpg,,yes,20,no
EG30875,حوض مطبخ جرانيت أبيض مطفي72*47 فردي,ب.أمور,Nice,حوض مطبخ جرانيت,حوض مطبخ,720.0,480.0,EG30875.jpg,,yes,21,no
EG30876,حوض مطبخ جرانيت أسود مطفي80*50 فردي,ب.أمور,Zarmdine,حوض مطبخ جرانيت,حوض مطبخ,990.0,635.0,EG30876.jpg,,yes,22,no
EG30877,حوض مطبخ جرانيت بيج80*50 فردي,ب.أمور,Zarmdine,حوض مطبخ جرانيت,حوض مطبخ,990.0,635.0,EG30877.jpg,,yes,23,no
EG30878,حوض مطبخ جرانيت أسود مطفي50*43 فردي,ب.أمور,Tallinn,حوض مطبخ جرانيت,حوض مطبخ,600.0,405.0,EG30878.jpg,,yes,24,no
EG30879,حوض مطبخ جرانيت بيج50*43 فردي,ب.أمور,Tallinn,حوض مطبخ جرانيت,حوض مطبخ,600.0,405.0,EG30879.jpg,,yes,25,no
EG30880,حوض مطبخ جرانيت رصاصي50*43 فردي,ب.أمور,Tallinn,حوض مطبخ جرانيت,حوض مطبخ,600.0,405.0,EG30880.jpg,,yes,26,no
EG30881,حوض مطبخ جرانيت أسود مطفي78*50 فردي,ب.أمور,Sousse,حوض مطبخ جرانيت,حوض مطبخ,880.0,555.0,EG30881.jpg,,yes,27,no
EG30882,حوض مطبخ جرانيت بيج78*50 فردي,ب.أمور,Sousse,حوض مطبخ جرانيت,حوض مطبخ,880.0,555.0,EG30882.jpg,,yes,28,no
EG30883,حوض مطبخ جرانيت رصاصي78*50 فردي,ب.أمور,Sousse,حوض مطبخ جرانيت,حوض مطبخ,880.0,555.0,EG30883.jpg,,yes,29,no
EL10702,حوض مطبخ ستانلس ستيل منظومة بيانو 304 75*46 أسود,بن أمور,7546-B,حوض مطبخ ستانلس ستيل,حوض مطبخ,950.0,600.0,EL10702.jpg,,yes,30,no
EL10884,حوض مطبخ ستانلس ستيل 65*45 أسود,ب.أمور,Monastir,حوض مطبخ ستانلس ستيل,حوض مطبخ,400.0,260.0,EL10884.jpg,,yes,31,no
EL10885,حوض مطبخ ستانلس ستيل 65*45 رصاصي,ب.أمور,Monastir,حوض مطبخ ستانلس ستيل,حوض مطبخ,400.0,255.0,EL10885.jpg,,yes,32,no
EL10886,حوض مطبخ ستانلس ستيل 60*45 رصاصي,ب.أمور,Florence,حوض مطبخ ستانلس ستيل,حوض مطبخ,380.0,245.0,EL10886.jpg,,yes,33,no
EL10887,حوض مطبخ ستانلس ستيل 60*45 أسود,ب.أمور,Florence,حوض مطبخ ستانلس ستيل,حوض مطبخ,420.0,265.0,EL10887.jpg,,yes,34,no
EL10888,حوض مطبخ ستانلس ستيل 80*48 رصاصي,ب.أمور,Siena,حوض مطبخ ستانلس ستيل,حوض مطبخ,680.0,435.0,EL10888.jpg,,yes,35,no
EL10889,حوض مطبخ ستانلس ستيل 80*48 أسود,ب.أمور,Siena,حوض مطبخ ستانلس ستيل,حوض مطبخ,750.0,450.0,EL10889.jpg,,yes,36,no
VS10209,حوض وجه معلق أبيض -60سم,ب.أمور,SH-8388,حوض وجه معلق,حوض وجه,450.0,250.0,VS10209.jpg,,yes,37,no
VS10207,حوض وجه معلق أسود -60سم,ب.أمور,SH-8420-60-B,حوض وجه معلق,حوض وجه,500.0,246.285,VS10207.jpg,,yes,38,no
VS10597,حوض وجه معلق أبيض -60سم,ب.أمور,SH-8604,حوض وجه معلق,حوض وجه,430.0,215.0,VS10597.jpg,,yes,39,no
VS10205,حوض وجه معلق رصاصي -60سم,ب.أمور,SH-8420-60-G,حوض وجه معلق,حوض وجه,500.0,243.087,VS10205.jpg,,yes,40,no
VS10181,حوض وجه معلق أسود,ب.أمور,SH-P128TGL,حوض وجه معلق,حوض وجه,450.0,250.0,VS10181.jpg,,yes,41,no
VS10820,حوض وجه معلق أبيض 36x52,ب.أمور,LT-2002,حوض وجه معلق,حوض وجه,300.0,170.0,VS10820.jpg,,yes,42,no
VS10821,حوض وجه معلق أبيض 42x56,ب.أمور,LT-2021-S,حوض وجه معلق,حوض وجه,350.0,215.0,VS10821.jpg,,yes,43,no
VS10822,حوض وجه معلق أبيض60,ب.أمور,LT-2253,حوض وجه معلق,حوض وجه,450.0,235.0,VS10822.jpg,,yes,44,no
VS10828,حوض وجه معلق أسود -60سم,ب.أمور,LT-2173-MB,حوض وجه معلق,حوض وجه,450.0,295.0,VS10828.jpg,,yes,45,no
MA20902,خلاط حوض المطبخ مولة أسود مطفي,بن أمور,B.AMOR012,خلاط حوض المطبخ سحاب,خلاطات,580.0,385.0,MA20902.jpg,,yes,46,no
MA20903,خلاط حوض المطبخ مولة كروم,بن أمور,B.AMOR018,خلاط حوض المطبخ سحاب,خلاطات,290.0,195.0,MA20903.jpg,,yes,47,no
MA20904,خلاط حوض المطبخ مولة أسود مطفي,بن أمور,B.AMOR019,خلاط حوض المطبخ سحاب,خلاطات,330.0,220.0,MA20904.jpg,,yes,48,no
MA20905,خلاط حوض المطبخ مولة كروم,بن أمور,B.AMOR021,خلاط حوض المطبخ سحاب,خلاطات,590.0,390.0,MA20905.jpg,,yes,49,no
MA20906,خلاط حوض المطبخ مولة أسود لامع,بن أمور,B.AMOR022,خلاط حوض المطبخ سحاب,خلاطات,650.0,430.0,MA20906.jpg,,yes,50,no
MA20907,خلاط حوض المطبخ سحاب كروم,بن أمور,B.AMOR026,خلاط حوض المطبخ سحاب,خلاطات,430.0,285.0,MA20907.jpg,,yes,51,no
MA20910,خلاط حوض المطبخ سحاب ذهبي,بن أمور,B.AMOR027,خلاط حوض المطبخ سحاب,خلاطات,445.0,295.0,MA20910.jpg,,yes,52,no
MA20911,خلاط حوض المطبخ سحاب رصاصي,بن أمور,B.AMOR028,خلاط حوض المطبخ سحاب,خلاطات,470.0,315.0,MA20911.jpg,,yes,53,no
MA20912,خلاط حوض المطبخ سحاب كروم,بن أمور,B.AMOR029,خلاط حوض المطبخ سحاب,خلاطات,280.0,190.0,MA20912.jpg,,yes,54,no
MA20913,خلاط حوض المطبخ سحاب أسود مطفي,بن أمور,B.AMOR031,خلاط حوض المطبخ سحاب,خلاطات,320.0,210.0,MA20913.jpg,,yes,55,no
MA20920,خلاط حوض المطبخ مولة كروم,بن أمور,B.AMOR011,خلاط حوض المطبخ سحاب,خلاطات,550.0,365.0,MA20920.jpg,,yes,56,no
MA20921,خلاط حوض المطبخ سحاب كروم مطفي,بن أمور,B.AMOR034,خلاط حوض المطبخ سحاب,خلاطات,270.0,160.0,MA20921.jpg,,yes,57,no
MA20922,خلاط حوض المطبخ سحاب رصاصي مطفي,بن أمور,B.AMOR035,خلاط حوض المطبخ سحاب,خلاطات,270.0,160.0,MA20922.jpg,,yes,58,no
MA20923,خلاط حوض المطبخ سحاب كروم مطفي,بن أمور,B.AMOR036,خلاط حوض المطبخ سحاب,خلاطات,270.0,160.0,MA20923.jpg,,yes,59,no
ME10921,خلاط حوض المطبخ شجرة ذهبي,بن أمور,B.AMOR024,خلاط حوض المطبخ شجرة,خلاطات,435.0,290.0,ME10921.jpg,,yes,60,no
ME10922,خلاط حوض المطبخ شجرة أسود مطفي,بن أمور,B.AMOR025,خلاط حوض المطبخ شجرة,خلاطات,465.0,310.0,ME10922.jpg,,yes,61,no
ME10920,خلاط حوض المطبخ شجرة كروم,بن أمور,B.AMOR023,خلاط حوض المطبخ شجرة,خلاطات,390.0,260.0,ME10920.jpg,,yes,62,no
ML10893,خلاط حوض وجه كروم,بن أمور,B.AMOR001,خلاط حوض وجه,خلاطات,280.0,160.0,ML10893.jpg,,yes,63,no
ML10894,خلاط حوض وجه ذهبي,بن أمور,B.AMOR002,خلاط حوض وجه,خلاطات,320.0,190.0,ML10894.jpg,,yes,64,no
ML10895,خلاط حوض وجه أسود لامع,بن أمور,B.AMOR003,خلاط حوض وجه,خلاطات,350.0,220.0,ML10895.jpg,,yes,65,no
ML10800,خلاط حوض وجه كروم,بن أمور,B.AMOR004,خلاط حوض وجه,خلاطات,340.0,225.0,ML10800.jpg,,yes,66,no
ML10801,خلاط حوض وجه كروم,بن أمور,B.AMOR008,خلاط حوض وجه,خلاطات,330.0,220.0,ML10801.jpg,,yes,67,no
ML10802,خلاط حوض وجه رصاصي,بن أمور,B.AMOR009,خلاط حوض وجه,خلاطات,355.0,235.0,ML10802.jpg,,yes,68,no
ML10803,خلاط حوض وجه ذهبي,بن أمور,B.AMOR010,خلاط حوض وجه,خلاطات,370.0,245.0,ML10803.jpg,,yes,69,no
ML10804,خلاط حوض وجه كروم,بن أمور,B.AMOR015,خلاط حوض وجه,خلاطات,250.0,135.0,ML10804.jpg,,yes,70,no
ML10806,خلاط حوض وجه أسود مطفي,بن أمور,B.AMOR017,خلاط حوض وجه,خلاطات,250.0,145.0,ML10806.jpg,,yes,71,no
MD20896,خلاط دوش ذهبي,بن أمور,B.AMOR006,خلاط دوش,خلاطات,520.0,345.0,MD20896.jpg,,yes,72,no
MD20897,خلاط دوش أسود,بن أمور,B.AMOR007,خلاط دوش,خلاطات,475.0,315.0,MD20897.jpg,,yes,73,no
MD20898,خلاط دوش كروم,بن أمور,B.AMOR005,خلاط دوش,خلاطات,460.0,305.0,MD20898.jpg,,yes,74,no
MD20899,خلاط دوش كروم,بن أمور,B.AMOR013,خلاط دوش,خلاطات,395.0,260.0,MD20899.jpg,,yes,75,no
MD20900,خلاط دوش أسود,بن أمور,B.AMOR014,خلاط دوش,خلاطات,450.0,300.0,MD20900.jpg,,yes,76,no
ML30601,مرايا حمام مع إضاءة لد دائرية بالعلاقة مع اطار ذهبي 70سم,بن أمور,SH-1172-70,مراية مضيئة,مرايا,200.0,125.0,ML30601.jpg,,yes,77,no
ML30600,مرايا حمام مع إضاءة لد دائرية بالعلاقة مع اطار أسود 70سم,بن أمور,SH-1171-70,مراية مضيئة,مرايا,180.0,120.0,ML30600.jpg,,yes,78,no
ML30604,مرايا حمام مع إضاءة لد 80*60سم,بن أمور,SH-1014-80/60,مراية مضيئة,مرايا,180.0,105.0,ML30604.jpg,,yes,79,no
ML30602,مرايا حمام مع إضاءة لد مع اطار أسود 90*70 سم,بن أمور,SH-097-90/70,مراية مضيئة,مرايا,200.0,125.0,ML30602.jpg,,yes,80,no
ML30603,مرايا حمام مع إضاءة لد مع اطار ذهبي 90*70 سم,بن أمور,SH-096-90/70,مراية مضيئة,مرايا,200.0,125.0,ML30603.jpg,,yes,81,no
WP20827,مقعد أرضي ملحوم أبيض,ب.أمور,SH-8809,مقعد أرضي,مقاعد,880.0,550.0,WP20827.jpg,,yes,82,no
WP20475,مقعد أرضي ملحوم مربع  أبيض,ب.أمور,SH-8869,مقعد أرضي,مقاعد,780.0,450.0,WP20475.jpg,,yes,83,no
WP20162,مقعد أرضي ملحوم ذهبي رخامي,ب.أمور,SH-295-MGL,مقعد أرضي,مقاعد,880.0,642.0,WP20162.jpg,,yes,84,no
WP20476,مقعد أرضي ملحوم مموج  أبيض,ب.أمور,SH-6688,مقعد أرضي,مقاعد,800.0,525.0,WP20476.jpg,,yes,85,no
WP20161,مقعد أرضي ملحوم رصاصي رخامي,ب.أمور,SH-295-MSL,مقعد أرضي,مقاعد,950.0,650.0,WP20161.jpg,,yes,86,no
WP20477,مقعد أرضي ملحوم مربع قصير أبيض,ب.أمور,SH-805,مقعد أرضي,مقاعد,1150.0,680.0,WP20477.jpg,,yes,87,no
WP20828,مقعد أرضي ملحوم أبيض,ب.أمور,SH-8808,مقعد أرضي,مقاعد,850.0,535.0,WP20828.jpg,,yes,88,no
WP20157,مقعد أرضي ملحوم موطو أبيض,ب.أمور,SH-8609,مقعد أرضي,مقاعد,600.0,427.0,WP20157.jpg,,yes,89,no
WP20159,مقعد أرضي ملحوم سداسي أبيض,ب.أمور,SH-276-S,مقعد أرضي,مقاعد,680.0,435.0,WP20159.jpg,,yes,90,no
WP20587,مقعد أرضي ملحوم أسود,ب.أمور,SH-295B,مقعد أرضي,مقاعد,950.0,615.0,WP20587.jpg,,yes,91,no
WP20478,مقعد أرضي ملحوم ذهبي مخطط,ب.أمور,SH-295PGL,مقعد أرضي,مقاعد,900.0,547.0,WP20478.jpg,,yes,92,no
WP20158,مقعد أرضي ملحوم طويل أبيض,ب.أمور,SH-9009,مقعد أرضي,مقاعد,800.0,461.0,WP20158.jpg,,yes,93,no
WS10590,مقعد معلق رايملس رصاصي,ب.أمور,SH-006MG,مقعد معلق,مقاعد,800.0,570.0,WS10590.jpg,,yes,94,no
WS10595,مقعد معلق رايملس مموج أبيض,ب.أمور,SH-088,مقعد معلق,مقاعد,720.0,420.0,WS10595.jpg,,yes,95,no
WS10168,مقعد معلق رايملس أسود,ب.أمور,SH-A001-MB,مقعد معلق,مقاعد,750.0,565.0,WS10168.jpg,,yes,96,no
WS10169,مقعد معلق رايملس أسود,ب.أمور,SH-A006-MB,مقعد معلق,مقاعد,800.0,565.0,WS10169.jpg,,yes,97,no
WS10177,مقعد معلق ذهبي,ب.أمور,G1074,مقعد معلق,مقاعد,750.0,400.0,WS10177.jpg,,yes,98,no
WS10594,مقعد معلق تورنيدو أبيض,ب.أمور,SH-035,مقعد معلق,مقاعد,700.0,405.0,WS10594.jpg,,yes,99,no
WS10163,مقعد معلق رايملس أبيض,ب.أمور,SH-006,مقعد معلق,مقاعد,600.0,355.0,WS10163.jpg,,yes,100,no
WS10807,مقعد معلق تورنيدو أبيض,ب.أمور,LT-046E-UQ3,مقعد معلق,مقاعد,650.0,420.0,WS10807.jpg,,yes,101,no
WS10812,مقعد معلق تورنيدو أبيض,ب.أمور,LT-053E-UQ3,مقعد معلق,مقاعد,650.0,390.0,WS10812.jpg,,yes,102,no
WS10813,مقعد معلق تورنيدو أبيض,ب.أمور,LT-052E-UQ3,مقعد معلق,مقاعد,700.0,430.0,WS10813.jpg,,yes,103,no
WS10814,مقعد معلق تورنيدو أسود,ب.أمور,LT-052E-UQ3-MB,مقعد معلق,مقاعد,850.0,565.0,WS10814.jpg,,yes,104,no
WS10815,مقعد معلق ملحوم تورنيدو أبيض,ب.أمور,LT-102E-UQ3,مقعد معلق,مقاعد,750.0,430.0,WS10815.jpg,,yes,105,no
WS10816,مقعد معلق ملحوم تورنيدو أبيض,ب.أمور,LT-093E-UQ3,مقعد معلق,مقاعد,750.0,435.0,WS10816.jpg,,yes,106,no
WS10817,مقعد معلق ملحوم تورنيدو أبيض,ب.أمور,LT-094E-UQ3,مقعد معلق,مقاعد,750.0,440.0,WS10817.jpg,,yes,107,no
WS10818,مقعد معلق كبير بلس سايز ملحوم تورنيدو أبيض,ب.أمور,LT-131E-UQ3,مقعد معلق,مقاعد,900.0,505.0,WS10818.jpg,,yes,108,no
WS10819,مقعد معلق كبير بلس سايز تورنيدو أبيض,ب.أمور,LT-140E-UQ3,مقعد معلق,مقاعد,900.0,505.0,WS10819.jpg,,yes,109,no
AECU50890,راجع سيفون حوض مطبخ,,,ملحقات أحواض المطابخ,ملحقات,10.0,5.0,AECU50890.jpg,,yes,110,no
